time,temp_c,humid_pct,light_raw,light_volts
23:49:01,25.2,47.0,401,1.96
23:49:03,25.2,47.0,414,2.023
23:49:05,25.2,47.0,410,2.004
23:49:07,25.2,47.0,397,1.94
23:49:09,25.2,47.0,381,1.862
23:49:11,25.1,47.0,366,1.789
23:49:13,25.1,47.0,387,1.891
23:49:15,25.1,47.0,405,1.979
23:49:17,25.1,47.0,415,2.028
23:49:19,25.1,47.0,401,1.96
23:49:21,25.1,47.0,382,1.867
23:49:23,25.1,47.0,366,1.789
23:49:25,25.1,47.0,393,1.921
23:49:27,25.1,47.0,409,1.999
23:49:29,25.1,47.0,411,2.009
23:49:31,25.0,47.0,397,1.94
23:49:33,25.0,47.0,381,1.862
23:49:35,25.0,47.0,366,1.789
23:49:38,25.0,47.0,382,1.867
23:49:40,25.0,47.0,398,1.945
23:49:42,25.0,47.0,407,1.989
23:49:44,25.0,47.0,415,2.028
23:49:46,25.0,47.0,411,2.009
23:49:48,25.0,47.0,401,1.96
23:49:50,25.0,47.0,389,1.901
23:49:52,24.9,47.0,374,1.828
23:49:54,24.9,47.0,369,1.804
23:49:56,24.9,47.0,393,1.921
23:49:58,24.9,47.0,407,1.989
23:50:00,24.9,47.0,414,2.023
23:50:02,24.9,47.0,401,1.96
23:50:04,24.9,47.0,384,1.877
23:50:06,24.9,47.0,367,1.794
23:50:08,24.9,47.0,386,1.887
23:50:10,24.9,47.0,404,1.975
23:50:12,24.9,47.0,415,2.028
23:50:14,24.9,47.0,403,1.97
23:50:16,24.9,47.0,384,1.877
23:50:18,24.8,47.0,366,1.789
23:50:20,24.8,47.0,388,1.896
23:50:22,24.8,47.0,406,1.984
23:50:24,24.8,47.0,413,2.019
23:50:27,24.8,47.0,396,1.935
23:50:29,24.8,47.0,380,1.857
23:50:31,24.8,47.0,367,1.794
23:50:33,24.8,47.0,378,1.848
23:50:35,24.8,47.0,392,1.916
23:50:37,24.8,47.0,401,1.96
23:50:39,24.8,47.0,407,1.989
23:50:41,24.8,47.0,414,2.023
23:50:43,24.8,47.0,415,2.028
23:50:45,24.7,47.0,410,2.004
23:50:47,24.7,47.0,403,1.97
23:50:49,24.7,47.0,397,1.94
23:50:51,24.7,47.0,389,1.901
23:50:53,24.7,47.0,380,1.857
23:50:55,24.7,47.0,372,1.818
23:50:57,24.7,47.0,366,1.789
23:50:59,24.7,47.0,379,1.852
23:51:01,24.7,47.0,393,1.921
23:51:03,24.7,47.0,403,1.97
23:51:05,24.7,47.0,413,2.019
23:51:07,24.7,47.0,413,2.019
23:51:09,24.7,47.0,404,1.975
23:51:11,24.7,47.0,392,1.916
23:51:14,24.7,47.0,383,1.872
23:51:16,24.7,47.0,375,1.833
23:51:18,24.7,47.0,368,1.799
23:51:20,24.7,47.0,369,1.804
23:51:22,24.6,47.0,380,1.857
23:51:24,24.6,47.0,389,1.901
23:51:26,24.6,47.0,397,1.94
23:51:28,24.6,47.0,403,1.97
23:51:30,24.6,47.0,408,1.994
23:51:32,24.6,47.0,415,2.028
23:51:34,24.6,47.0,414,2.023
23:51:36,24.6,47.0,406,1.984
23:51:38,24.6,47.0,396,1.935
23:51:40,24.6,46.0,388,1.896
23:51:42,24.6,46.0,383,1.872
23:51:44,24.6,46.0,377,1.843
23:51:46,24.6,46.0,372,1.818
23:51:48,24.6,46.0,367,1.794
23:51:50,24.6,46.0,366,1.789
23:51:52,24.6,46.0,256,1.251
23:51:54,24.6,46.0,236,1.153
23:51:56,24.6,46.0,243,1.188
23:51:58,24.6,46.0,227,1.109
23:52:01,24.5,46.0,173,0.846
23:52:03,24.5,46.0,223,1.09
23:52:05,24.5,46.0,409,1.999
23:52:07,24.5,46.0,413,2.019
23:52:09,24.5,46.0,409,1.999
23:52:11,24.5,46.0,404,1.975
23:52:13,24.5,46.0,398,1.945
23:52:15,24.5,46.0,390,1.906
23:52:17,24.5,46.0,379,1.852
23:52:19,24.5,46.0,367,1.794
23:52:21,24.5,46.0,374,1.828
23:52:23,24.5,46.0,393,1.921
23:52:25,24.5,46.0,407,1.989
23:52:27,24.5,46.0,414,2.023
23:52:29,24.5,46.0,402,1.965
23:52:31,24.5,47.0,388,1.896
23:52:33,24.5,47.0,375,1.833
23:52:35,24.5,47.0,366,1.789
23:52:37,24.5,47.0,390,1.906
23:52:39,24.5,47.0,408,1.994
23:52:41,24.5,47.0,410,2.004
23:52:43,24.4,47.0,392,1.916
23:52:45,24.4,47.0,372,1.818
23:52:47,24.4,47.0,379,1.852
23:52:50,24.4,47.0,402,1.965
23:52:52,24.4,47.0,414,2.023
23:52:54,24.4,47.0,400,1.955
23:52:56,24.4,47.0,380,1.857
23:52:58,24.4,47.0,366,1.789
23:53:00,24.4,47.0,391,1.911
23:53:02,24.4,47.0,406,1.984
23:53:04,24.4,47.0,414,2.023
23:53:06,24.4,47.0,403,1.97
23:53:08,24.4,47.0,389,1.901
23:53:10,24.4,47.0,376,1.838
23:53:12,24.4,47.0,366,1.789
23:53:14,24.4,47.0,373,1.823
23:53:16,24.4,47.0,384,1.877
23:53:18,24.4,47.0,392,1.916
23:53:20,24.4,47.0,399,1.95
23:53:22,24.4,47.0,405,1.979
23:53:24,24.4,47.0,410,2.004
23:53:26,24.4,47.0,415,2.028
23:53:28,24.3,47.0,413,2.019
23:53:30,24.3,46.0,410,2.004
23:53:32,24.3,46.0,404,1.975
23:53:34,24.3,46.0,398,1.945
23:53:37,24.3,46.0,388,1.896
23:53:39,24.3,46.0,379,1.852
23:53:41,24.3,46.0,369,1.804
23:53:43,24.3,46.0,367,1.794
23:53:45,24.3,46.0,385,1.882
23:53:47,24.3,46.0,399,1.95
23:53:49,24.3,46.0,412,2.014
23:53:51,24.3,46.0,407,1.989
23:53:53,24.3,46.0,387,1.891
23:53:55,24.3,46.0,300,1.466
23:53:57,24.3,47.0,343,1.676
23:53:59,24.3,47.0,368,1.799
23:54:01,24.3,47.0,338,1.652
23:54:03,24.3,47.0,33,0.161
23:54:05,24.2,47.0,30,0.147
23:54:07,24.2,47.0,31,0.152
23:54:09,24.2,47.0,30,0.147
23:54:11,24.2,47.0,30,0.147
23:54:13,24.2,47.0,27,0.132
23:54:15,24.2,47.0,28,0.137
23:54:17,24.2,47.0,27,0.132
23:54:19,24.2,47.0,27,0.132
23:54:21,24.2,48.0,27,0.132
23:54:23,24.2,48.0,28,0.137
23:54:26,24.2,48.0,28,0.137
23:54:28,24.2,48.0,28,0.137
23:54:30,24.2,48.0,28,0.137
23:54:32,24.2,48.0,29,0.142
23:54:34,24.2,48.0,29,0.142
23:54:36,24.2,48.0,28,0.137
23:54:38,24.2,48.0,29,0.142
23:54:40,24.2,48.0,27,0.132
23:54:42,24.3,48.0,212,1.036
23:54:44,24.3,49.0,374,1.828
23:54:46,24.3,49.0,395,1.931
23:54:48,24.3,49.0,412,2.014
23:54:50,24.3,49.0,432,2.111
23:54:52,24.3,49.0,444,2.17
23:54:54,24.3,49.0,437,2.136
23:54:56,24.3,49.0,423,2.067
23:54:58,24.3,49.0,400,1.955
23:55:00,24.3,49.0,233,1.139
23:55:02,24.3,49.0,385,1.882
23:55:04,24.3,49.0,326,1.593
23:55:06,24.3,49.0,264,1.29
23:55:08,24.3,49.0,257,1.256
23:55:10,24.3,49.0,256,1.251
23:55:13,24.3,49.0,295,1.442
23:55:15,24.3,49.0,315,1.54
23:55:17,24.3,49.0,298,1.457
23:55:19,24.3,49.0,287,1.403
23:55:21,24.3,49.0,413,2.019
23:55:23,24.3,49.0,401,1.96
23:55:25,24.4,49.0,239,1.168
23:55:27,24.4,49.0,237,1.158
23:55:29,24.4,49.0,213,1.041
23:55:31,24.4,49.0,219,1.07
23:55:33,24.4,49.0,225,1.1
23:55:35,24.4,49.0,223,1.09
23:55:37,24.4,49.0,231,1.129
23:55:39,24.4,49.0,229,1.119
23:55:41,24.4,49.0,240,1.173
23:55:43,24.4,49.0,245,1.197
23:55:45,24.4,49.0,245,1.197
23:55:47,24.4,49.0,247,1.207
23:55:49,24.5,49.0,246,1.202
23:55:51,24.5,49.0,241,1.178
23:55:53,24.5,49.0,226,1.105
23:55:55,24.5,49.0,229,1.119
23:55:57,24.5,49.0,207,1.012
23:55:59,24.5,49.0,206,1.007
23:56:02,24.5,49.0,221,1.08
23:56:04,24.5,49.0,217,1.061
23:56:06,24.5,49.0,222,1.085
23:56:08,24.6,49.0,226,1.105
23:56:10,24.6,49.0,239,1.168
23:56:12,24.6,49.0,392,1.916
23:56:14,24.6,49.0,433,2.116
23:56:16,24.6,49.0,443,2.165
23:56:18,24.6,49.0,437,2.136
23:56:20,24.6,49.0,427,2.087
23:56:22,24.6,49.0,412,2.014
23:56:24,24.6,49.0,360,1.76
23:56:26,24.6,49.0,188,0.919
23:56:28,24.6,49.0,224,1.095
23:56:30,24.7,49.0,239,1.168
23:56:32,24.7,48.0,298,1.457
23:56:34,24.7,48.0,426,2.082
23:56:36,24.7,48.0,411,2.009
23:56:38,24.7,48.0,391,1.911
23:56:40,24.7,48.0,293,1.432
23:56:42,24.7,48.0,310,1.515
23:56:44,24.7,48.0,437,2.136
23:56:46,24.7,48.0,442,2.16
23:56:49,24.7,48.0,432,2.111
23:56:51,24.8,48.0,425,2.077
23:56:53,24.8,48.0,422,2.063
23:56:55,24.8,48.0,418,2.043
23:56:57,24.8,48.0,415,2.028
23:56:59,24.8,48.0,412,2.014
23:57:01,24.8,48.0,408,1.994
23:57:03,24.8,48.0,404,1.975
23:57:05,24.8,48.0,401,1.96
23:57:07,24.8,48.0,394,1.926
23:57:09,24.8,48.0,271,1.325
23:57:11,24.8,48.0,389,1.901
23:57:13,24.8,48.0,395,1.931
23:57:15,24.9,48.0,403,1.97
23:57:17,24.9,48.0,406,1.984
23:57:19,24.9,48.0,427,2.087
23:57:21,24.9,48.0,437,2.136
23:57:23,24.9,48.0,442,2.16
23:57:25,24.9,48.0,429,2.097
23:57:27,24.9,48.0,406,1.984
23:57:29,24.9,48.0,388,1.896
23:57:31,24.9,48.0,413,2.019
23:57:33,24.9,48.0,431,2.107
23:57:35,24.9,48.0,439,2.146
23:57:38,24.9,48.0,423,2.067
23:57:40,24.9,48.0,403,1.97
23:57:42,24.9,48.0,391,1.911
23:57:44,24.9,48.0,417,2.038
23:57:46,24.9,48.0,432,2.111
23:57:48,25.0,48.0,439,2.146
23:57:50,25.0,48.0,424,2.072
23:57:52,25.0,48.0,405,1.979
23:57:54,25.0,48.0,387,1.891
23:57:56,25.0,48.0,415,2.028
23:57:58,25.0,48.0,430,2.102
23:58:00,25.0,48.0,439,2.146
23:58:02,25.0,48.0,425,2.077
23:58:04,25.0,48.0,405,1.979
23:58:06,25.0,48.0,386,1.887
23:58:08,25.0,48.0,406,1.984
23:58:10,25.0,48.0,429,2.097
23:58:12,25.0,48.0,442,2.16
23:58:14,25.0,48.0,429,2.097
23:58:16,25.0,48.0,405,1.979
23:58:18,25.0,48.0,387,1.891
23:58:20,25.0,48.0,360,1.76
23:58:22,25.0,48.0,344,1.681
23:58:25,25.1,48.0,440,2.151
23:58:27,25.1,48.0,432,2.111
23:58:29,25.1,48.0,412,2.014
23:58:31,25.1,48.0,393,1.921
23:58:33,25.1,48.0,403,1.97
23:58:35,25.1,48.0,423,2.067
23:58:37,25.1,48.0,440,2.151
23:58:39,25.1,48.0,431,2.107
23:58:41,25.1,48.0,414,2.023
23:58:43,25.1,48.0,393,1.921
23:58:45,25.1,48.0,402,1.965
23:58:47,25.1,48.0,424,2.072
23:58:49,25.1,48.0,440,2.151
23:58:51,25.1,48.0,431,2.107
23:58:53,25.1,48.0,413,2.019
23:58:55,25.1,48.0,394,1.926
23:58:57,25.1,48.0,399,1.95
23:58:59,25.1,48.0,251,1.227
23:59:01,25.1,48.0,244,1.193
23:59:03,25.2,48.0,210,1.026
23:59:05,25.2,48.0,151,0.738
23:59:07,25.2,48.0,129,0.63
23:59:09,25.2,49.0,122,0.596
23:59:11,25.2,51.0,144,0.704
23:59:14,25.2,53.0,163,0.797
23:59:16,25.3,57.0,123,0.601
23:59:18,25.4,61.0,153,0.748
23:59:20,25.6,64.0,191,0.934
23:59:22,25.8,67.0,188,0.919
23:59:24,26.0,70.0,191,0.934
23:59:26,26.3,72.0,195,0.953
23:59:28,26.5,73.0,189,0.924
23:59:30,26.8,73.0,179,0.875
23:59:32,27.0,73.0,253,1.237
23:59:34,27.2,73.0,384,1.877
23:59:36,27.4,73.0,410,2.004
23:59:38,27.5,73.0,241,1.178
23:59:40,27.5,72.0,257,1.256
23:59:42,27.6,71.0,291,1.422
23:59:44,27.6,69.0,236,1.153
23:59:46,27.6,68.0,283,1.383
23:59:48,27.6,67.0,367,1.794
23:59:50,27.6,65.0,411,2.009
23:59:52,27.6,64.0,426,2.082
23:59:54,27.6,63.0,442,2.16
23:59:56,27.6,62.0,433,2.116
23:59:58,27.6,61.0,415,2.028
00:00:01,27.5,60.0,393,1.921
00:00:03,27.5,59.0,390,1.906
00:00:05,27.5,58.0,389,1.901
00:00:07,27.5,58.0,400,1.955
00:00:09,27.5,57.0,414,2.023
00:00:11,27.5,57.0,423,2.067
00:00:13,27.5,56.0,430,2.102
00:00:15,27.4,56.0,435,2.126
00:00:17,27.4,56.0,441,2.155
00:00:19,27.4,56.0,441,2.155
00:00:21,27.4,56.0,436,2.131
00:00:23,27.4,55.0,427,2.087
00:00:25,27.4,55.0,418,2.043
00:00:27,27.3,55.0,407,1.989
00:00:29,27.3,55.0,394,1.926
00:00:31,27.3,55.0,398,1.945
00:00:33,27.3,55.0,421,2.058
00:00:35,27.3,54.0,435,2.126
00:00:37,27.2,54.0,434,2.121
00:00:39,27.2,54.0,415,2.028
00:00:41,27.2,54.0,392,1.916
00:00:43,27.2,54.0,404,1.975
00:00:45,27.2,54.0,428,2.092
00:00:48,27.2,53.0,439,2.146
00:00:50,27.1,53.0,427,2.087
00:00:52,27.1,53.0,11,0.054
00:00:54,27.1,53.0,388,1.896
00:00:56,27.1,53.0,414,2.023
00:00:58,27.1,53.0,430,2.102
00:01:00,27.1,53.0,440,2.151
00:01:02,27.0,52.0,439,2.146
00:01:04,27.0,52.0,431,2.107
00:01:06,27.0,52.0,11,0.054
00:01:08,27.0,52.0,9,0.044
00:01:10,27.0,52.0,8,0.039
00:01:12,27.0,52.0,8,0.039
00:01:14,27.0,52.0,7,0.034
00:01:16,26.9,52.0,8,0.039
00:01:18,26.9,52.0,8,0.039
00:01:20,26.9,52.0,8,0.039
00:01:22,26.9,52.0,7,0.034
00:01:24,26.9,52.0,8,0.039
00:01:26,26.9,51.0,8,0.039
00:01:28,26.9,51.0,8,0.039
00:01:30,26.8,51.0,8,0.039
00:01:32,26.8,51.0,6,0.029
00:01:34,26.8,51.0,5,0.024
00:01:37,26.8,51.0,5,0.024
00:01:39,26.8,51.0,5,0.024
00:01:41,26.8,51.0,5,0.024
00:01:43,26.8,51.0,6,0.029
00:01:45,26.8,51.0,7,0.034
00:01:47,26.7,51.0,6,0.029
00:01:49,26.7,50.0,397,1.94
00:01:51,26.7,50.0,411,2.009
00:01:53,26.7,50.0,438,2.141
00:01:55,26.7,50.0,450,2.199
00:01:57,26.7,50.0,461,2.253
00:01:59,26.7,49.0,449,2.195
00:02:01,26.7,49.0,434,2.121
00:02:03,26.6,49.0,419,2.048
00:02:05,26.6,49.0,405,1.979
00:02:07,26.6,49.0,410,2.004
00:02:09,26.6,49.0,427,2.087
00:02:11,26.6,49.0,437,2.136
00:02:13,26.6,49.0,442,2.16
00:02:15,26.6,49.0,451,2.204
00:02:17,26.6,49.0,451,2.204
00:02:19,26.6,49.0,445,2.175
00:02:21,26.6,49.0,439,2.146
00:02:24,26.5,49.0,432,2.111
00:02:26,26.5,49.0,426,2.082
00:02:28,26.5,49.0,303,1.481
00:02:30,26.5,49.0,405,1.979
00:02:32,26.5,49.0,355,1.735
00:02:34,26.5,49.0,398,1.945
00:02:36,26.5,49.0,394,1.926
